{
  "project_info": {
    "project_number": "792249171120",
    "project_id": "vpn1-dcf51",
    "storage_bucket": "vpn1-dcf51.appspot.com"
  },
  "client": [
    {
      "client_info": {
        "mobilesdk_app_id": "1:792249171120:android:8fb41e9999b951c5f2cf75",
        "android_client_info": {
          "package_name": "su.groupy.vpn"
        }
      },
      "oauth_client": [
        {
          "client_id": "792249171120-e3k07m07me0oube0jj2c06bvj62uapdb.apps.googleusercontent.com",
          "client_type": 3
        }
      ],
      "api_key": [
        {
          "current_key": "AIzaSyASgqXjXsqL7lu0I1ZLtPINF7HyOOeMrXI"
        }
      ],
      "services": {
        "appinvite_service": {
          "other_platform_oauth_client": [
            {
              "client_id": "792249171120-e3k07m07me0oube0jj2c06bvj62uapdb.apps.googleusercontent.com",
              "client_type": 3
            }
          ]
        }
      }
    }
  ],
  "configuration_version": "1"
}